id,fecha,concepto,importe
1,2026-04-01,TGSS COTIZACION REGIMEN GENERAL 03/2026,-1150.00
2,2026-04-20,AEAT MODELO 111 1T 2026,-525.00
3,2026-04-20,AEAT MODELO 303 1T 2026,-609.00
4,2026-04-30,COMISION MANTENIMIENTO CUENTA,-15.00
5,2026-04-03,AMAZON WEB SERVICES EMEA SARL,-48.40
6,2026-04-07,GOOGLE ADS,-300.00
7,2026-04-10,TRANSFERENCIA DE CLIENTE EJEMPLO SL FRA 2026-002,6050.00
8,2026-04-30,NOMINA ABRIL EMPLEADO 001,-2360.00
9,2026-04-15,ENISA PRESTAMO PARTICIPATIVO DISPOSICION,75000.00
10,2026-04-16,TRASPASO A CUENTA AHORRO,-10000.00
11,2026-04-08,PAGO TARJETA RESTAURANTE COMIDA CLIENTE,-62.30
12,2026-04-01,PAGO TARJETA COWORKING CUOTA ABRIL,-350.00
13,2026-04-22,PAGO TARJETA RENFE MADRID-BARCELONA,-89.60
