asiento,fecha,cuenta,concepto,debe,haber,linea_negocio,producto,canal,no_recurrente
1,2026-01-02,57200001,Constitución: desembolso del capital,3000.00,,,,,
1,2026-01-02,100,Constitución: desembolso del capital,,3000.00,,,,
2,2026-01-20,57200001,Ampliación de capital (escritura inscrita),50000.00,,,,,
2,2026-01-20,100,Ampliación de capital (escritura inscrita),,5000.00,,,,
2,2026-01-20,110,Ampliación de capital (escritura inscrita),,45000.00,,,,
3,2026-01-31,623,Factura asesoría enero (profesional con retención 15%),500.00,,,,,
3,2026-01-31,472,Factura asesoría enero (profesional con retención 15%),105.00,,,,,
3,2026-01-31,4751,Factura asesoría enero (profesional con retención 15%),,75.00,,,,
3,2026-01-31,410,Factura asesoría enero (profesional con retención 15%),,530.00,,,,
4,2026-01-31,640,Nómina enero,3000.00,,,,,
4,2026-01-31,642,Nómina enero,960.00,,,,,
4,2026-01-31,4751,Nómina enero,,450.00,,,,
4,2026-01-31,476,Nómina enero,,1150.00,,,,
4,2026-01-31,465,Nómina enero,,2360.00,,,,
5,2026-01-31,465,Pago nómina enero,2360.00,,,,,
5,2026-01-31,57200001,Pago nómina enero,,2360.00,,,,
6,2026-02-05,410,Pago factura asesoría enero,530.00,,,,,
6,2026-02-05,57200001,Pago factura asesoría enero,,530.00,,,,
7,2026-02-10,430,Factura 2026-001 Plan Pro anual,6050.00,,SaaS,Plan Pro,Directo,
7,2026-02-10,705,Factura 2026-001 Plan Pro anual,,5000.00,SaaS,Plan Pro,Directo,
7,2026-02-10,477,Factura 2026-001 Plan Pro anual,,1050.00,SaaS,Plan Pro,Directo,
8,2026-02-15,217,Portátil desarrollo,1200.00,,,,,
8,2026-02-15,472,Portátil desarrollo,252.00,,,,,
8,2026-02-15,57200001,Portátil desarrollo,,1452.00,,,,
9,2026-02-27,476,Pago Seguridad Social enero,1150.00,,,,,
9,2026-02-27,57200001,Pago Seguridad Social enero,,1150.00,,,,
10,2026-02-28,640,Nómina febrero,3000.00,,,,,
10,2026-02-28,642,Nómina febrero,960.00,,,,,
10,2026-02-28,4751,Nómina febrero,,450.00,,,,
10,2026-02-28,476,Nómina febrero,,1150.00,,,,
10,2026-02-28,465,Nómina febrero,,2360.00,,,,
11,2026-02-28,465,Pago nómina febrero,2360.00,,,,,
11,2026-02-28,57200001,Pago nómina febrero,,2360.00,,,,
12,2026-03-10,57200001,Cobro factura 2026-001,6050.00,,,,,
12,2026-03-10,430,Cobro factura 2026-001,,6050.00,,,,
13,2026-03-20,555,Cargo bancario sin identificar,100.00,,,,,
13,2026-03-20,57200001,Cargo bancario sin identificar,,100.00,,,,
14,2026-03-25,623,Consultoría ronda de financiación (no recurrente),400.00,,,,,1
14,2026-03-25,472,Consultoría ronda de financiación (no recurrente),84.00,,,,,
14,2026-03-25,57200001,Consultoría ronda de financiación (no recurrente),,484.00,,,,
15,2026-03-31,626,Comisiones bancarias 1T,15.00,,,,,
15,2026-03-31,57200001,Comisiones bancarias 1T,,15.00,,,,
16,2026-03-31,476,Pago Seguridad Social febrero,1150.00,,,,,
16,2026-03-31,57200001,Pago Seguridad Social febrero,,1150.00,,,,
17,2026-03-31,640,Nómina marzo,3000.00,,,,,
17,2026-03-31,642,Nómina marzo,960.00,,,,,
17,2026-03-31,4751,Nómina marzo,,450.00,,,,
17,2026-03-31,476,Nómina marzo,,1150.00,,,,
17,2026-03-31,465,Nómina marzo,,2360.00,,,,
18,2026-03-31,465,Pago nómina marzo,2360.00,,,,,
18,2026-03-31,57200001,Pago nómina marzo,,2360.00,,,,
